Retrieval Index	user_feedback
1	0.6842105263157895
0	0.5333333333333333
