Retrieval Index	user_feedback
1	0.574468085106383
0	0.44680851063829785
