session_id	user_feedback
ar1rx42	1.0
arsx123	0.2857142857142857
r17xxq12	0.6666666666666666
acezx123	0.6190476190476191
xmz12nx	1.0
4a3a8ac6-0d8b-43d3-a66d-35b02e0adcbb	0.0
a428e822-aae9-45e1-99cb-3826e6e95fd6	1.0
10dd8e4a-e73e-440e-9a95-758ad45dcf0b	1.0
0fa063b5-f9f4-43ab-8b40-848175344dad	0.0
088b25d8-d392-4e32-b995-fbd2f5e3143a	0.0
52008db5-8a0b-430b-9bc9-bc2c0a86c574	1.0
b1cf42e0-dc48-47a5-9af7-1aec31e7c774	0.5
